# lap_count, lap_success, laptime, completion, NA, NA, aveTrackErr, Computation_time
0.000000  ,0.000000  ,50.279474 ,99.910000 ,0.000000  ,0.000000  ,0.013689  ,50.279474 
0.000000  ,0.000000  ,0.000000  ,0.000000  ,0.000000  ,0.000000  ,0.000000  ,0.000000  
0.000000  ,0.000000  ,0.000000  ,0.000000  ,0.000000  ,0.000000  ,0.000000  ,0.000000  
